"","lon_135","lat_135","albedo_135"
"21451505",-103.829887390137,43.6586837768555,0.118110235780478
"21487817",-100.579566955566,44.1117820739746,0.10629921220243
"20681622",-97.0970153808594,39.9511413574219,0.102362204343081
"21014201",-85.6676254272461,42.7395095825195,0.0866141729056835
"20702241",-89.7872467041016,40.6618232727051,0.094488188624382
"20567454",-105.144104003906,38.7946090698242,0.161417322233319
"21581270",-94.2608947753906,45.1888694763184,0.094488188624382
"20343767",-103.121444702148,37.7865943908691,0.185039369389415
"20983384",-101.544128417969,41.2265357971191,0.181102361530066
"22059898",-100.680709838867,47.5432281494141,0.0984251964837313
"20364213",-90.4900207519531,38.8289985656738,0.110236220061779
"19839357",-104.163391113281,35.2432861328125,0.192913385108113
"22631878",-95.6018905639648,51.8131713867188,0.078740157186985
"22450047",-104.252799987793,49.7839660644531,0.118110235780478
"21742785",-105.38752746582,45.2421569824219,0.122047243639827
"20603392",-88.1843185424805,40.2765235900879,0.10629921220243
"19641429",-94.2642669677734,34.9437026977539,0.173228345811367
"22777711",-104.807334899902,52.0160636901855,0.114173227921128
"22777546",-97.5509338378906,52.6667633056641,0.0275590550154448
"19459423",-94.6918640136719,34.0458183288574,0.334645668044686
"22663115",-97.1074981689453,51.8871307373047,0.102362204343081
"20733569",-94.8859024047852,40.3999404907227,0.102362204343081
"20598439",-98.0453643798828,39.4439697265625,0.118110235780478
"20608507",-83.9280853271484,40.6894264221191,0.181102361530066
"19963666",-86.2379684448242,37.1497688293457,0.122047243639827
"19630976",-92.3721694946289,35.0312538146973,0.240157479420304
"22345880",-98.079719543457,49.6181831359863,0.110236220061779
"21399622",-107.833274841309,43.092399597168,0.169291337952018
"20983417",-102.64688873291,41.1480941772461,0.169291337952018
"20432133",-101.78337097168,38.322078704834,0.31496062874794
"20801213",-96.2372131347656,40.6518516540527,0.102362204343081
"22751751",-106.557235717773,51.689754486084,0.133858267217875
"21170753",-106.39331817627,41.9127960205078,0.133858267217875
"20156283",-94.2211380004883,37.473934173584,0.094488188624382
"21778911",-94.7185974121094,46.329963684082,0.094488188624382
"20026502",-102.025909423828,36.2821960449219,0.590551178902388
"19937683",-87.158576965332,36.9432067871094,0.0984251964837313
"21404704",-103.978797912598,43.3818855285645,0.149606298655272
"21425417",-100.866271972656,43.7313613891602,0.15748031437397
"20717959",-94.5752716064453,40.342227935791,0.10629921220243
"20073324",-102.569931030273,36.4771881103516,0.342519683763385
"21623154",-104.812698364258,44.578929901123,0.0984251964837313
"20031869",-106.929054260254,36.0142402648926,0.177165353670716
"21066638",-103.040855407715,41.5710754394531,0.169291337952018
"21799850",-100.257400512695,45.9770927429199,0.118110235780478
"20353925",-94.9429550170898,38.4191436767578,0.0984251964837313
"21685618",-106.719116210938,44.8115577697754,0.125984251499176
"22600897",-105.328117370605,50.726448059082,0.133858267217875
"22855575",-98.2216415405273,53.1748046875,0.0118110235780478
"21758054",-92.2935104370117,46.428539276123,0.0669291336089373
"20114860",-100.446487426758,36.8205528259277,0.255905510857701
"21004236",-103.198280334473,41.2217063903809,0.177165353670716
"22865975",-98.1238403320312,53.2615394592285,0.0236220471560955
"20640190",-102.93635559082,39.3134498596191,0.153543306514621
"22434390",-102.09497833252,49.8562088012695,0.0984251964837313
"22371955",-101.069328308105,49.526496887207,0.10629921220243
"21680266",-101.459175109863,45.1662979125977,0.129921259358525
"20042131",-102.868919372559,36.3053550720215,0.232283463701606
"20645208",-96.7441864013672,39.787109375,0.102362204343081
"20848252",-104.237632751465,40.3169975280762,0.15748031437397
"21238235",-102.289390563965,42.5690727233887,0.129921259358525
"20307153",-96.1554946899414,38.0888137817383,0.10629921220243
"20499624",-97.9082260131836,38.9422416687012,0.118110235780478
"19797250",-86.4416122436523,36.3051452636719,0.228346455842257
"22450029",-103.551696777344,49.8405532836914,0.118110235780478
"20275892",-94.0473403930664,38.0910682678223,0.094488188624382
"19771792",-105.330207824707,34.8524169921875,0.362204723060131
"21004190",-101.667854309082,41.3301658630371,0.141732282936573
"19969093",-95.3272247314453,36.460319519043,0.200787400826812
"20359298",-100.892425537109,38.0130920410156,0.20866141654551
"20557094",-106.3740234375,38.665470123291,0.062992125749588
"20354183",-103.584175109863,37.8092575073242,0.220472440123558
"21300658",-102.827049255371,42.8785018920898,0.161417322233319
"21274366",-91.7211837768555,43.6404495239258,0.118110235780478
"19969312",-102.489990234375,35.9735717773438,0.299212597310543
"20478959",-102.462661743164,38.5152549743652,0.161417322233319
"20468730",-107.65266418457,38.1402626037598,0.149606298655272
"20967838",-103.390441894531,41.0124816894531,0.161417322233319
"21295465",-103.085067749023,42.8307571411133,0.177165353670716
"20083888",-107.348922729492,36.2444000244141,0.181102361530066
"22657912",-97.0109634399414,51.8596153259277,0.0984251964837313
"19969467",-107.010772705078,35.7071189880371,0.236220471560955
"20145931",-96.0024719238281,37.2883491516113,0.118110235780478
"20531071",-105.757598876953,38.5701446533203,0.133858267217875
"20385094",-93.6355209350586,38.6809577941895,0.10629921220243
"19994849",-85.2498931884766,37.389949798584,0.224409447982907
"19516612",-94.108039855957,34.3581657409668,0.271653542295098
"20770113",-99.9419555664062,40.2038650512695,0.153543306514621
"20036661",-93.9011917114258,36.9007530212402,0.169291337952018
"19776947",-104.022468566895,34.9526863098145,0.389763778075576
"22252509",-107.528671264648,48.2376174926758,0.177165353670716
"20728211",-88.2604522705078,40.9357414245605,0.114173227921128
"21768544",-96.2010116577148,46.1339149475098,0.102362204343081
"20323056",-105.859603881836,37.5122756958008,0.185039369389415
"19922130",-89.2726211547852,36.6934776306152,0.10629921220243
"20639795",-88.0904541015625,40.4782295227051,0.114173227921128
"19594535",-90.9604110717773,34.9610176086426,0.393700785934925
"20063024",-105.570167541504,36.2438163757324,0.0984251964837313
"21654292",-102.520317077637,44.9309921264648,0.0866141729056835
"19865345",-103.74772644043,35.392936706543,0.287401573732495
"19802941",-103.784118652344,35.0911407470703,0.287401573732495
"20546253",-91.1934280395508,39.7161865234375,0.118110235780478
"22892089",-103.095909118652,52.9968147277832,0.0826771650463343
"21264212",-101.38899230957,42.7805938720703,0.145669290795922
"20551666",-99.160270690918,39.1190299987793,0.125984251499176
"20665855",-90.6130447387695,40.3964424133301,0.114173227921128
"21378733",-105.041969299316,43.1602439880371,0.169291337952018
"19527149",-98.6637496948242,34.0986976623535,0.649606296792626
"20754543",-101.014389038086,40.0443382263184,0.173228345811367
"20957362",-100.896179199219,41.1333656311035,0.181102361530066
"19745732",-103.659973144531,34.8250465393066,0.409448817372322
"21706051",-92.5464248657227,46.0901641845703,0.0866141729056835
"21222664",-103.329902648926,42.407527923584,0.169291337952018
"19714565",-104.688972473145,34.6168212890625,0.551181100308895
"20806603",-102.806015014648,40.1933288574219,0.161417322233319
"20114987",-104.355895996094,36.5709915161133,0.196850392967463
"20780230",-88.8017654418945,41.1673545837402,0.102362204343081
"20863853",-104.21947479248,40.4007186889648,0.161417322233319
"21701215",-106.561180114746,44.9141044616699,0.122047243639827
"20374747",-95.6636199951172,38.4701995849609,0.094488188624382
"20692165",-101.95964050293,39.6506271362305,0.165354330092669
"20702410",-96.5694274902344,40.1015205383301,0.10629921220243
"20759842",-104.202079772949,39.8532600402832,0.196850392967463
"22777586",-99.4301147460938,52.4880638122559,0.114173227921128
"20614225",-104.117378234863,39.1009063720703,0.141732282936573
"19605357",-104.707130432129,34.0995254516602,0.700787398964167
"20364656",-105.752624511719,37.7273597717285,0.137795275077224
"20473514",-93.9966583251953,39.1082038879395,0.0984251964837313
"20577860",-105.297019958496,38.8382873535156,0.173228345811367
"21487971",-105.89478302002,43.7221946716309,0.133858267217875
"21087522",-105.68285369873,41.5048065185547,0.133858267217875
"20832469",-98.1493225097656,40.6696166992188,0.122047243639827
"21727029",-99.8400955200195,45.5742797851562,0.129921259358525
"19735034",-94.0981750488281,35.4070205688477,0.42125984095037
"22444859",-104.743408203125,49.7101783752441,0.133858267217875
"22720477",-103.793846130371,51.6903457641602,0.114173227921128
"19953380",-91.1597290039062,36.6986770629883,0.118110235780478
"20302188",-103.883666992188,37.5291366577148,0.165354330092669
"20957529",-106.304389953613,40.7640037536621,0.125984251499176
"20187870",-106.598487854004,36.7972297668457,0.141732282936573
"19875250",-86.0052871704102,36.7278633117676,0.200787400826812
"20218616",-91.3511505126953,38.0138320922852,0.0984251964837313
"21649071",-101.78881072998,44.9566040039062,0.118110235780478
"20536023",-97.7304077148438,39.1434669494629,0.110236220061779
"21009455",-103.799346923828,41.2084121704102,0.177165353670716
"22195244",-105.469612121582,48.020679473877,0.149606298655272
"19906572",-91.0547561645508,36.4753913879395,0.0826771650463343
"21789495",-101.995292663574,45.7754974365234,0.129921259358525
"20837931",-106.7138671875,40.1032676696777,0.114173227921128
"20213584",-97.5981903076172,37.510570526123,0.122047243639827
"21315987",-92.3773040771484,43.8185958862305,0.114173227921128
"21550057",-93.9028778076172,45.0373497009277,0.0984251964837313
"19979442",-93.4298934936523,36.6529159545898,0.102362204343081
"20432191",-103.604591369629,38.202220916748,0.196850392967463
"19875342",-89.9936599731445,36.4044723510742,0.161417322233319
"19958907",-102.366195678711,35.9307327270508,0.322834644466639
"20275985",-97.4029388427734,37.8386878967285,0.129921259358525
"19657020",-93.8852767944336,35.0459060668945,0.169291337952018
"20842853",-97.5266265869141,40.773078918457,0.114173227921128
"19646908",-103.196113586426,34.3832054138184,0.507874013856053
"20645311",-100.338890075684,39.5201950073242,0.145669290795922
"21285205",-107.661056518555,42.4631462097168,0.15748031437397
"22507273",-104.932716369629,50.1162796020508,0.125984251499176
"20941834",-103.350227355957,40.8755416870117,0.161417322233319
"21285023",-101.68571472168,42.8749542236328,0.125984251499176
"20379927",-94.9057769775391,38.5548667907715,0.0984251964837313
"22444846",-104.243675231934,49.7497596740723,0.118110235780478
"21394213",-100.862907409668,43.5536613464355,0.15748031437397
"22975225",-99.5025863647461,53.9503173828125,0.062992125749588
"21071969",-107.194435119629,41.3233375549316,0.110236220061779
"20661112",-106.631500244141,39.1850929260254,0.0669291336089373
"21326671",-103.166641235352,42.9998741149902,0.185039369389415
"19984469",-86.2560501098633,37.2526321411133,0.125984251499176
"21482612",-100.42147064209,44.0941543579102,0.129921259358525
"21565794",-99.3449249267578,44.6626777648926,0.165354330092669
"21945456",-99.6855697631836,46.9134063720703,0.10629921220243
"21061443",-103.224761962891,41.5298347473145,0.149606298655272
"20905374",-101.499801635742,40.8103103637695,0.153543306514621
"20702215",-88.6140823364258,40.7649345397949,0.0984251964837313
"20353767",-88.5628280639648,38.9373054504395,0.118110235780478
"20249916",-95.0483093261719,37.8825950622559,0.094488188624382
"19626183",-105.397232055664,34.1588096618652,0.716535430401564
"20364127",-86.665168762207,39.1548500061035,0.173228345811367
"21592037",-107.674171447754,44.2017250061035,0.188976377248764
"20848371",-107.885368347168,40.0870590209961,0.125984251499176
"21711423",-99.6932067871094,45.4931297302246,0.122047243639827
"20592987",-88.0192718505859,40.2359352111816,0.137795275077224
"19730055",-101.400344848633,34.8880195617676,0.291338581591845
"22309468",-97.8221664428711,49.4003677368164,0.114173227921128
"20390428",-98.4589996337891,38.3422660827637,0.114173227921128
"20728286",-91.5782165527344,40.6464004516602,0.0826771650463343
"21519218",-107.311714172363,43.8060111999512,0.149606298655272
"20978245",-103.582214355469,41.0551109313965,0.141732282936573
"21820434",-90.8303527832031,46.950439453125,0.0826771650463343
"20067703",-87.332893371582,37.5809898376465,0.129921259358525
"22564549",-107.4970703125,50.3101844787598,0.129921259358525
"21742502",-94.5742950439453,46.1227111816406,0.0905511807650328
"21690483",-94.0968017578125,45.8533515930176,0.0984251964837313
"20348681",-93.3016510009766,38.5207481384277,0.10629921220243
"21170238",-86.3228988647461,43.5537376403809,0.0748031493276358
"20702243",-89.8756866455078,40.6541290283203,0.094488188624382
"19994928",-88.8215179443359,37.0923500061035,0.110236220061779
"22356492",-106.435775756836,48.9935569763184,0.133858267217875
"20692093",-99.554557800293,39.8216705322266,0.161417322233319
"21201949",-106.166770935059,42.0989646911621,0.149606298655272
"21305862",-102.942901611328,42.8990859985352,0.177165353670716
"20811783",-102.1357421875,40.2672233581543,0.133858267217875
"21003803",-85.8580093383789,42.6633567810059,0.0708661414682865
"20811788",-102.299667358398,40.2558135986328,0.125984251499176
"20046956",-89.7380142211914,37.2784042358398,0.0826771650463343
"21196625",-102.112144470215,42.3512153625488,0.149606298655272
"20213514",-95.1245346069336,37.6930961608887,0.0866141729056835
"19740107",-89.1952972412109,35.8030662536621,0.137795275077224
"21778981",-97.662239074707,46.069149017334,0.118110235780478
"20078650",-106.281631469727,36.2791061401367,0.196850392967463
"20327938",-95.5296173095703,38.24169921875,0.10629921220243
"21555587",-106.174987792969,44.0914421081543,0.165354330092669
"21488012",-107.224967956543,43.6332740783691,0.118110235780478
"20801083",-91.0334091186523,41.0835571289062,0.0984251964837313
"21108179",-100.882759094238,41.9544906616211,0.169291337952018
"21175872",-103.76831817627,42.1179580688477,0.169291337952018
"20665803",-88.2944183349609,40.5985946655273,0.149606298655272
"20286287",-93.8127517700195,38.1621780395508,0.118110235780478
"21030278",-104.470420837402,41.2752799987793,0.145669290795922
"21337172",-106.452323913574,42.8311386108398,0.141732282936573
"22252234",-96.7456970214844,49.1234092712402,0.10629921220243
"22231716",-107.865180969238,48.0801239013672,0.173228345811367
"19776861",-101.45760345459,35.1084327697754,0.15748031437397
"20598468",-99.0528030395508,39.3695411682129,0.137795275077224
"22143293",-107.442901611328,47.547004699707,0.192913385108113
"21045877",-104.385925292969,41.365348815918,0.145669290795922
"20613834",-90.0040588378906,40.1731643676758,0.0905511807650328
"22023577",-103.860366821289,47.0609130859375,0.125984251499176
"21212377",-107.014305114746,42.1014938354492,0.165354330092669
"20005745",-103.388359069824,36.0952072143555,0.251968502998352
"20931268",-97.682975769043,41.2362327575684,0.10629921220243
"20432152",-102.386917114258,38.2818336486816,0.236220471560955
"20988652",-103.773262023926,41.09814453125,0.137795275077224
"20208292",-94.3371429443359,37.7266159057617,0.102362204343081
"21404413",-92.9407424926758,44.2755851745605,0.102362204343081
"19958769",-97.977424621582,36.2206153869629,0.192913385108113
"21129128",-105.738327026367,41.7277297973633,0.133858267217875
"20952009",-95.3612899780273,41.5346450805664,0.10629921220243
"21149844",-102.934127807617,42.0336723327637,0.153543306514621
"22376992",-93.7348022460938,50.2401809692383,0.031496062874794
"22424007",-102.838722229004,49.7245712280273,0.10629921220243
"21700996",-98.7057037353516,45.5127792358398,0.125984251499176
"22314729",-100.372093200684,49.2082099914551,0.102362204343081
"20192773",-97.2956390380859,37.4280738830566,0.0984251964837313
"19464588",-93.4382705688477,34.1585578918457,0.21259842440486
"19849314",-88.9610900878906,36.358024597168,0.118110235780478
"20348837",-98.9145812988281,38.0982055664062,0.118110235780478
"20343293",-85.1494216918945,39.1803741455078,0.169291337952018
"20400748",-95.5912933349609,38.6088829040527,0.0826771650463343
"20379857",-92.2106323242188,38.7683143615723,0.094488188624382
"19849772",-104.574699401855,35.2691116333008,0.192913385108113
"22215781",-94.6092681884766,49.0865592956543,0.0905511807650328
"20427114",-107.29158782959,37.9506874084473,0.0866141729056835
"20723423",-103.717887878418,39.6946411132812,0.181102361530066
"19631013",-93.7293167114258,34.9322891235352,0.125984251499176
"21779090",-101.862197875977,45.7234497070312,0.137795275077224
"20671370",-102.192375183105,39.526008605957,0.192913385108113
"22788127",-105.387252807617,52.0437469482422,0.137795275077224
"21222635",-102.351181030273,42.4777450561523,0.15748031437397
"19906952",-103.849945068359,35.5876159667969,0.228346455842257
"19521811",-94.0542526245117,34.3866882324219,0.216535432264209
"20473537",-94.8691864013672,39.0395050048828,0.114173227921128
"21695842",-100.49299621582,45.3355178833008,0.133858267217875
"22481078",-96.9368667602539,50.6356010437012,0.133858267217875
"21461800",-100.079902648926,44.0013046264648,0.133858267217875
"20270684",-93.7677154541016,38.0864791870117,0.0866141729056835
"21498403",-106.899604797363,43.7142562866211,0.0984251964837313
"22424017",-103.233619689941,49.6920623779297,0.10629921220243
"20119844",-92.9075775146484,37.3923568725586,0.102362204343081
"19662062",-87.676139831543,35.5423202514648,0.078740157186985
"21082180",-101.02237701416,41.8016738891602,0.145669290795922
"20697449",-104.611854553223,39.5004386901855,0.125984251499176
"20832429",-96.69091796875,40.7827339172363,0.0984251964837313
"19964171",-104.266448974609,35.839599609375,0.413385825231671
"21472411",-107.245651245117,43.5429077148438,0.102362204343081
"22325101",-99.1327896118164,49.3854103088379,0.114173227921128
"20296699",-94.2200317382812,38.1833724975586,0.102362204343081
"20988606",-102.262786865234,41.2033500671387,0.200787400826812
"20312051",-83.2027206420898,39.1926574707031,0.145669290795922
"20369612",-97.98681640625,38.2706336975098,0.137795275077224
"21409815",-100.86457824707,43.6425094604492,0.122047243639827
"21430818",-107.606376647949,43.2832221984863,0.196850392967463
"20187548",-96.4438781738281,37.4641494750977,0.114173227921128
"21716822",-106.73511505127,44.994270324707,0.118110235780478
"19984454",-85.5523071289062,37.3119010925293,0.177165353670716
"21498291",-103.160430908203,43.9756011962891,0.110236220061779
"20645288",-99.5609130859375,39.5761756896973,0.15748031437397
"21929959",-103.65454864502,46.4989318847656,0.125984251499176
"20281356",-102.963111877441,37.4834480285645,0.185039369389415
"20827448",-104.177742004395,40.2107887268066,0.161417322233319
"22777563",-98.361083984375,52.588794708252,0.0275590550154448
"20895096",-105.471611022949,40.4844589233398,0.062992125749588
"21118631",-102.615905761719,41.8850402832031,0.137795275077224
"20280987",-89.8344955444336,38.4559593200684,0.118110235780478
"20286300",-94.302619934082,38.124095916748,0.110236220061779
"21773928",-103.263717651367,45.584228515625,0.110236220061779
"21680419",-106.771690368652,44.777271270752,0.125984251499176
"22117221",-105.009162902832,47.5599555969238,0.141732282936573
"21409590",-91.8845367431641,44.4013633728027,0.078740157186985
"20957455",-103.975791931152,40.9165153503418,0.169291337952018
"20047072",-94.2643508911133,36.9250984191895,0.145669290795922
"22138020",-104.873062133789,47.7018127441406,0.145669290795922
"20624618",-103.868026733398,39.1707801818848,0.177165353670716
"21945471",-100.273735046387,46.8643989562988,0.102362204343081
"21669843",-100.660766601562,45.1678581237793,0.129921259358525
"19959065",-106.977317810059,35.658748626709,0.299212597310543
"20354254",-105.720542907715,37.6769981384277,0.173228345811367
"21248654",-102.894607543945,42.5830764770508,0.161417322233319
"21456738",-104.918960571289,43.6114234924316,0.149606298655272
"22429059",-96.4883193969727,50.3241081237793,0.094488188624382
"21467183",-106.360771179199,43.5718765258789,0.141732282936573
"21778952",-96.4698104858398,46.1731567382812,0.0984251964837313
"20124886",-86.2159805297852,37.9650192260742,0.161417322233319
"21778903",-94.3669738769531,46.3620567321777,0.078740157186985
"22361673",-105.71117401123,49.0822448730469,0.165354330092669
"20728403",-96.1952667236328,40.2681579589844,0.0984251964837313
"19756055",-101.330413818359,35.0167121887207,0.20866141654551
"22288645",-96.9614715576172,49.3422584533691,0.10629921220243
"22080722",-101.497955322266,47.6066207885742,0.0236220471560955
"20291531",-95.4245223999023,38.0647659301758,0.0984251964837313
"21633381",-98.4905242919922,45.1297378540039,0.125984251499176
"22314670",-97.8713531494141,49.430347442627,0.110236220061779
"21217552",-106.210906982422,42.1821632385254,0.141732282936573
"20343283",-84.6457748413086,39.2252426147461,0.062992125749588
"20281072",-93.2633895874023,38.1786727905273,0.078740157186985
"20432269",-105.961227416992,38.0555305480957,0.185039369389415
"21654290",-102.448867797852,44.9364204406738,0.110236220061779
"22751551",-98.0259094238281,52.4324073791504,0.0118110235780478
"22611275",-104.403274536133,50.8726272583008,0.114173227921128
"20988656",-103.902725219727,41.0891952514648,0.169291337952018
"19969058",-94.064208984375,36.5536994934082,0.125984251499176
"20364388",-97.1716613769531,38.3039398193359,0.110236220061779
"22814004",-99.9477996826172,52.7050132751465,0.062992125749588
"19833929",-97.0541687011719,35.6758079528809,0.531496061012149
"21076977",-100.939628601074,41.7793617248535,0.161417322233319
"21357844",-102.113746643066,43.2527351379395,0.078740157186985
"20260302",-94.4884185791016,37.9779510498047,0.094488188624382
"20125303",-101.773239135742,36.7844429016113,0.287401573732495
"22517429",-94.2574157714844,51.1465034484863,0.118110235780478
"20489464",-105.660621643066,38.3639907836914,0.102362204343081
"20452859",-99.2844772338867,38.6016731262207,0.149606298655272
"19917338",-103.40892791748,35.6644821166992,0.291338581591845
"21129106",-105.037078857422,41.7744483947754,0.125984251499176
"19849780",-104.806137084961,35.2556838989258,0.220472440123558
"21831268",-107.833404541016,45.6006393432617,0.137795275077224
"19979249",-85.3452377319336,37.3033676147461,0.228346455842257
"21622829",-92.1471405029297,45.6289291381836,0.0748031493276358
"20000567",-104.056732177734,36.0291938781738,0.47244094312191
"21924464",-91.4270401000977,47.5366554260254,0.0708661414682865
"19854619",-93.0828094482422,36.0644111633301,0.228346455842257
"21618004",-106.506385803223,44.4306526184082,0.141732282936573
"20208572",-103.656852722168,37.0766830444336,0.153543306514621
"20301906",-94.4595413208008,38.1913299560547,0.094488188624382
"21425558",-105.693489074707,43.3803825378418,0.133858267217875
"20348705",-94.2180633544922,38.4486923217773,0.110236220061779
"21030215",-102.409843444824,41.4179420471191,0.185039369389415
"22086079",-107.19953918457,47.2046318054199,0.153543306514621
"21092663",-103.770324707031,41.6617317199707,0.15748031437397
"22096437",-105.680213928223,47.379093170166,0.15748031437397
"22299245",-104.990516662598,48.7283706665039,0.137795275077224
"19782175",-104.82022857666,34.9311599731445,0.330708660185337
"19802736",-97.3924102783203,35.5012893676758,0.602362202480435
"20218566",-89.2718811035156,38.1838874816895,0.0984251964837313
"20140692",-94.6175537109375,37.3655967712402,0.118110235780478
"19766251",-94.5903015136719,35.5226860046387,0.519685037434101
"20187422",-91.7410278320312,37.8245506286621,0.0905511807650328
"21498405",-106.964279174805,43.7098655700684,0.118110235780478
"20837789",-102.241836547852,40.3975105285645,0.145669290795922
"21290234",-102.045745849609,42.8773422241211,0.153543306514621
"22824357",-97.6448211669922,53.000301361084,0.0354330707341433
"20390607",-104.214004516602,37.9528999328613,0.185039369389415
"21856878",-92.6527633666992,46.9991683959961,0.0748031493276358
"22413548",-100.507209777832,49.8527908325195,0.102362204343081
"21628403",-106.435111999512,44.4960441589355,0.125984251499176
"21591830",-100.561309814453,44.7171363830566,0.0275590550154448
"20842676",-90.4797210693359,41.356388092041,0.0984251964837313
"20707722",-100.481155395508,39.8362464904785,0.169291337952018
"20374643",-91.6731567382812,38.7851753234863,0.094488188624382
"22938912",-103.736976623535,53.2905693054199,0.110236220061779
"21071811",-102.120056152344,41.6648750305176,0.153543306514621
"20593383",-102.863288879395,39.0759468078613,0.149606298655272
"21477405",-100.189796447754,44.0822601318359,0.0905511807650328
"20671167",-95.103889465332,40.0524101257324,0.094488188624382
"19719250",-86.8595886230469,35.8873062133789,0.122047243639827
"21082227",-102.618072509766,41.6858673095703,0.169291337952018
"22153565",-102.747924804688,47.9666328430176,0.102362204343081
"21893384",-97.0788879394531,46.817497253418,0.0866141729056835
"20962585",-101.656120300293,41.1063575744629,0.161417322233319
"20224168",-103.492454528809,37.1645240783691,0.141732282936573
"21992386",-104.335144042969,46.831413269043,0.133858267217875
"21378703",-104.044975280762,43.230052947998,0.141732282936573
"20796238",-103.960838317871,40.0606269836426,0.177165353670716
"21097904",-105.077362060547,41.6014060974121,0.129921259358525
"19688055",-87.2412414550781,35.7039642333984,0.078740157186985
"21326802",-107.43660736084,42.7091598510742,0.161417322233319
"20468274",-92.4547271728516,39.2052879333496,0.094488188624382
"21784287",-101.72607421875,45.7654495239258,0.114173227921128
"20915928",-106.39729309082,40.5361137390137,0.102362204343081
"21477571",-105.932411193848,43.6601066589355,0.122047243639827
"20036504",-87.5522613525391,37.4055137634277,0.094488188624382
"22897179",-98.0204772949219,53.5043640136719,0.0275590550154448
"22257722",-107.962593078613,48.240348815918,0.153543306514621
"21102973",-100.695503234863,41.939826965332,0.15748031437397
"22782807",-100.339996337891,52.4416465759277,0.145669290795922
"20681695",-99.6626739501953,39.7591285705566,0.149606298655272
"22554019",-102.509338378906,50.6342010498047,0.10629921220243
"20468588",-103.404037475586,38.4003410339355,0.165354330092669
"21732210",-99.080322265625,45.6677627563477,0.118110235780478
"20900267",-104.545860290527,40.5726127624512,0.118110235780478
"20702126",-84.2046356201172,41.1667060852051,0.20866141654551
"21430392",-91.8310394287109,44.5268363952637,0.094488188624382
"20816936",-100.54793548584,40.4077186584473,0.169291337952018
"21945501",-101.42748260498,46.7699394226074,0.10629921220243
"19854914",-102.853584289551,35.3970680236816,0.244094487279654
"20509772",-87.8508529663086,39.811767578125,0.141732282936573
"21695816",-99.5076370239258,45.4154853820801,0.125984251499176
"21524390",-106.386138916016,43.8974609375,0.141732282936573
"20603813",-103.775337219238,39.0693397521973,0.192913385108113
"20733342",-84.8091125488281,41.2787895202637,0.145669290795922
"20655554",-94.6808776855469,40.0039329528809,0.094488188624382
"20187532",-95.8771133422852,37.5059432983398,0.0984251964837313
"22647639",-102.713386535645,51.2672271728516,0.110236220061779
"21264252",-102.766052246094,42.6793746948242,0.149606298655272
"19651840",-94.6164932250977,34.9685249328613,0.169291337952018
"19469711",-90.5463562011719,34.3936920166016,0.094488188624382
"20037084",-107.339866638184,36.0167503356934,0.204724408686161
"21529202",-91.5854339599609,45.1270027160645,0.0866141729056835
"20702437",-97.549934387207,40.0259399414062,0.110236220061779
"22153636",-105.378219604492,47.7627563476562,0.137795275077224
"20343602",-97.7385025024414,38.1566619873047,0.110236220061779
"20041834",-92.8655166625977,37.0056228637695,0.0826771650463343
"20291613",-98.3066940307617,37.8522415161133,0.118110235780478
"20618978",-87.4286499023438,40.426326751709,0.129921259358525
"22044437",-105.913619995117,47.0369987487793,0.21259842440486
"21659493",-102.532554626465,44.9606590270996,0.110236220061779
"20712640",-89.6797027587891,40.7267990112305,0.102362204343081
"20551814",-103.962852478027,38.7895736694336,0.153543306514621
"19688108",-89.4782791137695,35.5273017883301,0.122047243639827
"20588091",-99.8741912841797,39.255989074707,0.149606298655272
"22512261",-95.8721466064453,50.9515800476074,0.0905511807650328
"20676609",-103.423439025879,39.4700050354004,0.15748031437397
"21019712",-98.8892364501953,41.6220283508301,0.122047243639827
"21519085",-102.864730834961,44.1173286437988,0.125984251499176
"22356480",-105.99584197998,49.026481628418,0.118110235780478
"21222264",-87.2428131103516,43.7610359191895,0.0236220471560955
"20879394",-102.259429931641,40.6176338195801,0.165354330092669
"20858584",-102.003318786621,40.5247955322266,0.133858267217875
"20868696",-91.1951217651367,41.4348487854004,0.0984251964837313
"22075494",-100.432723999023,47.6621589660645,0.102362204343081
"19766573",-104.798873901367,34.8579559326172,0.381889762356877
"22938863",-101.584396362305,53.4808387756348,0.102362204343081
"20676717",-106.738624572754,39.259334564209,0.094488188624382
"22912808",-99.2698516845703,53.500617980957,0.0826771650463343
"20421865",-105.869972229004,38.0084686279297,0.169291337952018
"21051105",-105.262847900391,41.3348426818848,0.110236220061779
"20520304",-93.3881607055664,39.3998069763184,0.114173227921128
"20884439",-96.8251495361328,41.0512008666992,0.102362204343081
"20094136",-102.87858581543,36.5599098205566,0.283464565873146
"22616526",-106.357147216797,50.754280090332,0.145669290795922
"22085910",-101.001976013184,47.6803016662598,0.10629921220243
"21108182",-100.986869812012,41.9466934204102,0.161417322233319
"20509997",-96.9122314453125,39.0704193115234,0.110236220061779
"20509920",-94.0582046508789,39.2920875549316,0.094488188624382
"20593475",-105.706726074219,38.8931007385254,0.173228345811367
"20062849",-100.255516052246,36.5765647888184,0.259842518717051
"20021085",-94.840950012207,36.7530670166016,0.153543306514621
"19937796",-91.8568496704102,36.5673217773438,0.0905511807650328
"20676389",-95.9077911376953,40.0162162780762,0.102362204343081
"20572630",-104.395545959473,38.868579864502,0.149606298655272
"20608875",-99.2536010742188,39.4089050292969,0.133858267217875
"20406032",-98.5381546020508,38.4161949157715,0.129921259358525
"22304284",-98.5526733398438,49.2999382019043,0.110236220061779
"20723439",-104.221221923828,39.6613349914551,0.185039369389415
"21909260",-107.269035339355,46.1096420288086,0.122047243639827
"21040598",-101.800003051758,41.5179443359375,0.149606298655272
"21659398",-99.0093078613281,45.240406036377,0.125984251499176
"22028613",-97.4157028198242,47.6284446716309,0.094488188624382
"19813313",-102.930923461914,35.1921272277832,0.240157479420304
"20525555",-95.3122787475586,39.2741889953613,0.0866141729056835
"21940038",-89.9757537841797,47.7776832580566,0.0354330707341433
"20608805",-96.7900924682617,39.5930595397949,0.102362204343081
"20873879",-90.420295715332,41.530933380127,0.10629921220243
"19896583",-104.781776428223,35.4822540283203,0.311023620888591
"20624677",-105.680290222168,39.0554161071777,0.15748031437397
"22122495",-107.599594116211,47.4051742553711,0.196850392967463
"20822221",-103.334129333496,40.239917755127,0.153543306514621
"20504693",-93.0309600830078,39.3475532531738,0.110236220061779
"20660840",-97.8294448852539,39.7860221862793,0.122047243639827
"21726897",-94.462043762207,46.0388565063477,0.0984251964837313
"22720520",-105.524475097656,51.5490493774414,0.114173227921128
"22720455",-102.883316040039,51.767463684082,0.0984251964837313
"21014641",-103.325210571289,41.269214630127,0.177165353670716
"21597078",-102.278007507324,44.6142616271973,0.118110235780478
"21233045",-102.650299072266,42.5139656066895,0.145669290795922
"21035542",-106.470809936523,41.1723594665527,0.114173227921128
"20244970",-103.495590209961,37.2677803039551,0.137795275077224
"22959700",-103.06005859375,53.5058403015137,0.094488188624382
"20957017",-86.940055847168,42.3022956848145,0.0236220471560955
"19688144",-90.9145431518555,35.4170112609863,0.232283463701606
"22335554",-101.259407043457,49.2692108154297,0.094488188624382
"22257447",-97.2822265625,49.1081314086914,0.102362204343081
"20806243",-89.2296752929688,41.2697257995605,0.102362204343081
"20275792",-90.0735549926758,38.4094543457031,0.125984251499176
"20957438",-103.426361083984,40.9541015625,0.169291337952018
"22850394",-99.1713790893555,53.0454902648926,0.062992125749588
"22070418",-105.120994567871,47.2575950622559,0.137795275077224
"20349042",-105.378677368164,37.6715621948242,0.161417322233319
"22330371",-101.973457336426,49.1746520996094,0.102362204343081
"20702238",-89.6540679931641,40.6734428405762,0.102362204343081
"21888057",-91.3917465209961,47.3135375976562,0.0905511807650328
"21461828",-101.09733581543,43.9219703674316,0.149606298655272
"20119880",-94.2613296508789,37.2884216308594,0.129921259358525
"20161745",-102.965362548828,36.8880424499512,0.173228345811367
"22143300",-107.685279846191,47.5302238464355,0.125984251499176
"20520516",-100.942565917969,38.8316268920898,0.192913385108113
"21289979",-92.19482421875,43.6865615844727,0.102362204343081
"21113415",-102.096420288086,41.8939208984375,0.137795275077224
"20557017",-104.040214538574,38.8113288879395,0.181102361530066
"19870113",-88.8161392211914,36.4723968505859,0.129921259358525
"20354040",-98.9971160888672,38.1187324523926,0.129921259358525
"22725728",-105.809036254883,51.5633239746094,0.129921259358525
"21690801",-106.133628845215,44.8822593688965,0.137795275077224
"22616334",-98.3931503295898,51.4345893859863,0.125984251499176
"21108251",-103.319984436035,41.7783203125,0.15748031437397
"21654416",-106.76831817627,44.6252861022949,0.122047243639827
"21893370",-96.4898986816406,46.8696670532227,0.102362204343081
"20031545",-96.9145355224609,36.6534614562988,0.169291337952018
"21363051",-102.335220336914,43.2656173706055,0.0905511807650328
"21035102",-90.4241638183594,42.4149436950684,0.094488188624382
"20478863",-99.3255081176758,38.7321166992188,0.153543306514621
"22678907",-105.261291503906,51.2759475708008,0.102362204343081
"20614188",-102.95597076416,39.1772575378418,0.169291337952018
"21856869",-92.2272262573242,47.0398712158203,0.0866141729056835
"20645401",-103.268974304199,39.3181381225586,0.177165353670716
"20332935",-87.2347946166992,38.9436874389648,0.149606298655272
"22060012",-104.953994750977,47.2051277160645,0.137795275077224
"19469830",-94.899299621582,34.0806694030762,0.204724408686161
"21342210",-100.985496520996,43.2494583129883,0.110236220061779
"21602380",-105.769027709961,44.3904724121094,0.133858267217875
"22611170",-100.040351867676,51.2468185424805,0.114173227921128
"22522889",-105.459671020508,50.1809349060059,0.141732282936573
"20759673",-98.5938873291016,40.248893737793,0.125984251499176
"21337061",-102.785118103027,43.0858192443848,0.177165353670716
"20770221",-103.504615783691,39.9542350769043,0.177165353670716
"19729810",-93.2450485229492,35.4442901611328,0.389763778075576
"20504861",-99.1631469726562,38.8773155212402,0.141732282936573
"20343256",-83.2362976074219,39.3521270751953,0.200787400826812
"20588280",-105.871360778809,38.856330871582,0.165354330092669
"21134240",-102.858772277832,41.953296661377,0.145669290795922
"22382372",-101.693893432617,49.542537689209,0.114173227921128
"19652178",-105.199447631836,34.2923736572266,0.704724406823516
"20405918",-94.4551391601562,38.7233200073242,0.094488188624382
"22039207",-104.871376037598,47.0815505981445,0.149606298655272
"20728255",-90.2478561401367,40.7607231140137,0.0905511807650328
"22533247",-103.765762329102,50.3870582580566,0.102362204343081
"22158534",-92.8407974243164,48.8862533569336,0.114173227921128
"21082203",-101.80982208252,41.7439079284668,0.149606298655272
"22787950",-97.6470031738281,52.7333717346191,0.031496062874794
"20785803",-102.876029968262,40.0788154602051,0.141732282936573
"22637117",-97.4312057495117,51.6719512939453,0.078740157186985
"19880887",-101.969230651855,35.5772514343262,0.240157479420304
"20145882",-94.2275085449219,37.4212379455566,0.094488188624382
"20577388",-88.1642150878906,40.1406364440918,0.0984251964837313
"20790676",-90.7923049926758,41.0483703613281,0.0866141729056835
"20998960",-100.664344787598,41.3752021789551,0.15748031437397
"20837832",-103.635215759277,40.3020782470703,0.118110235780478
"20078694",-107.529144287109,36.2090301513672,0.299212597310543
"20301795",-90.062858581543,38.5435447692871,0.129921259358525
"20780425",-96.7767944335938,40.4985122680664,0.102362204343081
"20868779",-94.6089477539062,41.1458358764648,0.102362204343081
"20536299",-106.576698303223,38.5471382141113,0.145669290795922
"20172149",-103.058441162109,36.9336738586426,0.283464565873146
"20764962",-101.608741760254,40.0569190979004,0.192913385108113
"21108311",-105.266326904297,41.645450592041,0.118110235780478
"22424143",-107.959907531738,49.3294563293457,0.141732282936573
"20697212",-96.66552734375,40.0666465759277,0.102362204343081
"20931434",-103.385749816895,40.8174896240234,0.169291337952018
"20920664",-89.4463272094727,41.8727645874023,0.110236220061779
"20333345",-102.468215942383,37.7765922546387,0.244094487279654
"21227954",-106.240409851074,42.237621307373,0.15748031437397
"21529239",-93.254997253418,44.9734725952148,0.0905511807650328
"20379972",-96.5439376831055,38.4302444458008,0.0984251964837313
"22933746",-105.208892822266,53.127269744873,0.125984251499176
"20192736",-95.999267578125,37.5230407714844,0.094488188624382
"22335716",-107.401504516602,48.7866477966309,0.145669290795922
"20416719",-107.461280822754,37.8885459899902,0.185039369389415
"20551678",-99.568000793457,39.0895462036133,0.141732282936573
"21363200",-107.256607055664,42.924633026123,0.153543306514621
"20348992",-103.874313354492,37.7646179199219,0.177165353670716
"20556596",-88.6581573486328,39.9876403808594,0.129921259358525
"20743813",-88.2508773803711,41.0205535888672,0.114173227921128
"20213411",-91.1743011474609,38.0017242431641,0.094488188624382
"20572541",-101.582595825195,39.0554046630859,0.236220471560955
"20962611",-102.523284912109,41.0448036193848,0.177165353670716
"21326659",-102.758163452148,43.0293350219727,0.129921259358525
"20743862",-90.4608993530273,40.8257904052734,0.0905511807650328
"20109614",-98.9688262939453,36.8951568603516,0.145669290795922
"19589712",-103.449340820312,34.0981330871582,0.192913385108113
"20874190",-102.145767211914,40.5979995727539,0.177165353670716
"20359159",-96.1619033813477,38.3528366088867,0.0866141729056835
"21773908",-102.544136047363,45.6393127441406,0.125984251499176
"20416400",-97.3911590576172,38.5532455444336,0.094488188624382
"20385093",-93.5970306396484,38.6840209960938,0.094488188624382
"22231512",-100.207992553711,48.6787605285645,0.102362204343081
"20078635",-105.850677490234,36.3037643432617,0.220472440123558
"21316265",-103.003761291504,42.9531898498535,0.173228345811367
"20858647",-104.045684814453,40.3847618103027,0.173228345811367
"22044106",-92.4626007080078,48.1891174316406,0.110236220061779
"20952260",-104.153602600098,40.8765716552734,0.181102361530066
"21638574",-98.1886367797852,45.1855659484863,0.122047243639827
"20988441",-96.411003112793,41.6474990844727,0.0984251964837313
"22481311",-106.510635375977,49.8188095092773,0.173228345811367
"20650378",-95.614128112793,39.9024810791016,0.094488188624382
"21950659",-99.7741088867188,46.938060760498,0.10629921220243
"21940482",-107.887619018555,46.2574806213379,0.114173227921128
"19698579",-92.2147064208984,35.3694458007812,0.21259842440486
"21310781",-92.1466674804688,43.809700012207,0.094488188624382
"21352629",-101.61164855957,43.2608604431152,0.118110235780478
"20634665",-91.2142639160156,40.1799583435059,0.0984251964837313
"20754423",-96.8183135986328,40.3571968078613,0.114173227921128
"20317565",-96.5420227050781,38.1127624511719,0.102362204343081
"20442095",-84.5555877685547,39.7498512268066,0.122047243639827
"20062630",-92.6220932006836,37.1281661987305,0.0748031493276358
"21778803",-89.6336288452148,46.8122291564941,0.0826771650463343
"22085689",-91.2489242553711,48.574291229248,0.125984251499176
"20723288",-99.2625122070312,40.0068740844727,0.133858267217875
"20156423",-99.1101760864258,37.1179046630859,0.188976377248764
"22293862",-97.6736831665039,49.3111190795898,0.129921259358525
"21279967",-106.482635498047,42.5099792480469,0.149606298655272
"20505012",-104.039154052734,38.5449867248535,0.236220471560955
"20062912",-102.231201171875,36.4475212097168,0.287401573732495
"20920962",-101.036056518555,40.9273986816406,0.15748031437397
"20291504",-94.4294586181641,38.1408576965332,0.110236220061779
"20125050",-93.1141128540039,37.4023551940918,0.10629921220243
"19729789",-92.4649887084961,35.5020446777344,0.342519683763385
"21378666",-102.788925170898,43.3204803466797,0.185039369389415
"20390335",-95.1573791503906,38.5888442993164,0.102362204343081
"21347614",-107.747100830078,42.8057289123535,0.165354330092669
"20587969",-95.5576095581055,39.5799598693848,0.114173227921128
"20598243",-90.4826812744141,40.0498199462891,0.102362204343081
"22018297",-100.877410888672,47.2663917541504,0.110236220061779
"20114845",-99.9643020629883,36.8528747558594,0.295275589451194
"21508668",-102.313301086426,44.0986137390137,0.129921259358525
"21727037",-100.144706726074,45.549373626709,0.110236220061779
"20036921",-102.579040527344,36.2980880737305,0.177165353670716
"20406004",-97.5715103149414,38.4866523742676,0.122047243639827
"20577797",-103.353858947754,38.9630546569824,0.192913385108113
"19922524",-102.977149963379,35.7160568237305,0.295275589451194
"21404611",-100.744369506836,43.6220474243164,0.153543306514621
"21321551",-105.830841064453,42.7851676940918,0.102362204343081
"20447801",-103.867073059082,38.2647171020508,0.185039369389415
"20359237",-98.8776321411133,38.1535453796387,0.141732282936573
"19984576",-90.8566741943359,36.8773880004883,0.0866141729056835
"20884476",-98.1787719726562,40.945671081543,0.110236220061779
"22434363",-100.991348266602,49.9505805969238,0.118110235780478
"22283573",-102.329277038574,48.8385009765625,0.110236220061779
"19709365",-104.70085144043,34.5914688110352,0.413385825231671
"21019679",-97.6873779296875,41.7156562805176,0.102362204343081
"20868855",-97.4851226806641,40.9156074523926,0.110236220061779
"20463470",-105.908897399902,38.2167091369629,0.236220471560955
"19839150",-97.7394943237305,35.6538429260254,0.582677163183689
"21425197",-92.0926055908203,44.4727096557617,0.0708661414682865
"22127511",-100.800498962402,47.9606094360352,0.10629921220243
"21534780",-106.020530700684,43.9820899963379,0.149606298655272
"20463465",-105.76000213623,38.2258911132812,0.181102361530066
"22418758",-100.88793182373,49.854564666748,0.114173227921128
"20301916",-94.830924987793,38.1628265380859,0.094488188624382
"20099395",-104.632606506348,36.4776458740234,0.374015746638179
"19906971",-104.407562255859,35.5543785095215,0.21259842440486
"21696019",-106.713539123535,44.8730583190918,0.114173227921128
"21519079",-102.654800415039,44.1331024169922,0.129921259358525
"20707691",-99.4264068603516,39.912784576416,0.161417322233319
"22210714",-100.419097900391,48.526050567627,0.094488188624382
"19678173",-104.999778747559,34.4266052246094,0.688976375386119
"19506190",-93.3595352172852,34.3618698120117,0.129921259358525
"20634962",-102.05493927002,39.3461303710938,0.204724408686161
"22891999",-99.0326385498047,53.3676605224609,0.0551181100308895
"22377323",-107.459426879883,49.0556030273438,0.137795275077224
"21560839",-107.844261169434,44.0105743408203,0.165354330092669
"21794646",-100.132217407227,45.9558753967285,0.118110235780478
"19714461",-101.624534606934,34.7994728088379,0.220472440123558
"21513697",-95.8152008056641,44.6553382873535,0.137795275077224
"20915696",-98.7623138427734,41.0686302185059,0.141732282936573
"22491513",-98.4394760131836,50.5662727355957,0.094488188624382
"21498217",-100.530906677246,44.1755218505859,0.145669290795922
"22829718",-104.753242492676,52.3972511291504,0.125984251499176
"20577506",-93.1876449584961,39.7147674560547,0.0866141729056835
"20796090",-99.0437545776367,40.4080390930176,0.110236220061779
"21196715",-105.097503662109,42.1414070129395,0.141732282936573
"21201964",-106.639892578125,42.0681838989258,0.15748031437397
"19823773",-104.66527557373,35.1391372680664,0.196850392967463
"20286345",-95.9518127441406,37.9985961914062,0.0826771650463343
"20999024",-102.822067260742,41.2199554443359,0.15748031437397
"21056298",-105.023223876953,41.3791427612305,0.145669290795922
"22683953",-98.7029266357422,51.8830261230469,0.114173227921128
"21711387",-98.2942047119141,45.6092758178711,0.0984251964837313
"22808932",-105.457160949707,52.1885452270508,0.133858267217875
"22127380",-95.2652435302734,48.4526786804199,0.094488188624382
"20520244",-90.956787109375,39.5999488830566,0.102362204343081
"20567274",-99.3747787475586,39.1842880249023,0.133858267217875
"20130313",-95.4210510253906,37.253360748291,0.15748031437397
"21752798",-89.6072082519531,46.6559638977051,0.078740157186985
"21669997",-106.079315185547,44.7638854980469,0.141732282936573
"22018290",-100.604736328125,47.288948059082,0.0984251964837313
"20593246",-98.3109741210938,39.3971939086914,0.118110235780478
"21108330",-105.868537902832,41.6058082580566,0.165354330092669
"21633406",-99.4528350830078,45.0504493713379,0.118110235780478
"19984949",-103.562294006348,35.9831657409668,0.228346455842257
"20640078",-99.2380905151367,39.5727043151855,0.145669290795922
"21342371",-106.402770996094,42.8636474609375,0.145669290795922
"19776977",-104.889671325684,34.9023551940918,0.377952754497528
"22585158",-99.7113342285156,51.0953636169434,0.110236220061779
"20525617",-97.5602569580078,39.1023406982422,0.102362204343081
"22158741",-101.796730041504,48.0767097473145,0.110236220061779
"20437110",-94.0108261108398,38.9189414978027,0.094488188624382
"19922090",-87.5547180175781,36.8327674865723,0.153543306514621
"21248720",-105.079711914062,42.4302711486816,0.110236220061779
"21051058",-103.752883911133,41.4367599487305,0.165354330092669
"21752810",-90.2117004394531,46.5967750549316,0.078740157186985
"21170739",-105.951400756836,41.9416275024414,0.169291337952018
"22684128",-106.053268432617,51.249828338623,0.133858267217875
"20899891",-90.7891082763672,41.6399536132812,0.0866141729056835
"21867526",-102.753074645996,46.1875877380371,0.118110235780478
"20603312",-84.2358627319336,40.6330871582031,0.216535432264209
"20093886",-94.587776184082,37.1339721679688,0.118110235780478
"20535836",-90.5332946777344,39.7172889709473,0.102362204343081
"22179518",-100.769668579102,48.2955474853516,0.102362204343081
"20676194",-87.8063507080078,40.6976165771484,0.118110235780478
"20837605",-95.7657928466797,40.8841094970703,0.110236220061779
"21757998",-89.5618133544922,46.6920852661133,0.078740157186985
"20229462",-106.26774597168,37.0221252441406,0.145669290795922
"20556594",-88.5675888061523,39.9955291748047,0.137795275077224
"20140606",-91.324462890625,37.6213989257812,0.110236220061779
"22101684",-107.306869506836,47.294792175293,0.177165353670716
"22075514",-101.216857910156,47.5970153808594,0.10629921220243
"20312405",-97.9577255249023,37.9825248718262,0.141732282936573
"22101488",-100.039451599121,47.8597602844238,0.10629921220243
"20047163",-97.4741592407227,36.6908264160156,0.192913385108113
"21102986",-101.145965576172,41.9064712524414,0.137795275077224
"21108190",-101.263031005859,41.926326751709,0.137795275077224
"19963836",-93.2703475952148,36.5877418518066,0.094488188624382
"20915848",-103.88990020752,40.6996421813965,0.177165353670716
"21191546",-106.105583190918,42.0457229614258,0.161417322233319
"20988464",-97.2751312255859,41.578426361084,0.0984251964837313
"21633651",-107.982467651367,44.4232063293457,0.192913385108113
"19693313",-89.657600402832,35.5387840270996,0.10629921220243
"20000170",-90.541130065918,36.9801826477051,0.0905511807650328
"19719304",-89.1692733764648,35.7035255432129,0.141732282936573
"21134397",-107.86840057373,41.6205596923828,0.196850392967463
"20702615",-103.530769348145,39.5984687805176,0.177165353670716
"20702263",-90.7476501464844,40.5786094665527,0.0905511807650328
"21649160",-104.912651062012,44.7239418029785,0.137795275077224
"21118611",-101.940399169922,41.9338836669922,0.149606298655272
"20873904",-91.5082855224609,41.4359664916992,0.0984251964837313
"19865401",-105.373695373535,35.2978096008301,0.401574801653624
"20962495",-98.5259857177734,41.3394317626953,0.110236220061779
"20967422",-87.1114807128906,42.3437957763672,0.0236220471560955
"20926254",-104.047561645508,40.7446250915527,0.185039369389415
"19813243",-100.802383422852,35.3250465393066,0.173228345811367
"21633461",-101.499099731445,44.8872032165527,0.145669290795922
"22117078",-99.5402603149414,48.0015830993652,0.118110235780478
"20379876",-92.9618072509766,38.7078132629395,0.078740157186985
"20936190",-85.7221221923828,42.3015403747559,0.102362204343081
"21778808",-89.8874893188477,46.7873497009277,0.0236220471560955
"21539825",-100.626968383789,44.4089050292969,0.110236220061779
"20889692",-98.7294387817383,40.9313926696777,0.125984251499176
"20535852",-91.2075042724609,39.660572052002,0.094488188624382
"21513881",-102.746925354004,44.096263885498,0.137795275077224
"21170257",-87.3036651611328,43.4601097106934,0.0196850392967463
"20785503",-91.9721755981445,40.9190216064453,0.0905511807650328
"20941386",-85.4701461791992,42.3542404174805,0.129921259358525
"20322779",-97.0161895751953,38.103931427002,0.10629921220243
"20265787",-103.953971862793,37.3427810668945,0.259842518717051
"19812926",-89.6335678100586,36.1255493164062,0.110236220061779
"19490658",-95.7890777587891,34.1178550720215,0.125984251499176
"20978226",-102.961990356445,41.0980072021484,0.169291337952018
"20478781",-96.4654006958008,38.943187713623,0.10629921220243
"20442590",-103.543174743652,38.2589836120605,0.224409447982907
"19880477",-87.2021408081055,36.6548500061035,0.129921259358525
"22008065",-107.042060852051,46.7306861877441,0.15748031437397
"20249931",-95.5937347412109,37.841365814209,0.0866141729056835
"21664839",-107.484565734863,44.6381988525391,0.0905511807650328
"20889855",-104.198860168457,40.5402908325195,0.145669290795922
"19886187",-104.922416687012,35.4238586425781,0.433070864528418
"21077126",-105.842056274414,41.4379692077637,0.15748031437397
"20374780",-96.8489074707031,38.3809471130371,0.114173227921128
"20790964",-101.582359313965,40.1960945129395,0.149606298655272
"19974194",-91.6172256469727,36.766300201416,0.110236220061779
"22715113",-96.5328369140625,52.3148155212402,0.0905511807650328
"22112086",-107.332244873047,47.3583030700684,0.200787400826812
"22262692",-99.1782379150391,48.9714241027832,0.110236220061779
"20728473",-98.7196884155273,40.0746917724609,0.125984251499176
"20177088",-94.3196563720703,37.5708885192871,0.110236220061779
"19890877",-87.1458740234375,36.7111358642578,0.149606298655272
"21680405",-106.306816101074,44.8092002868652,0.141732282936573
"20655815",-103.677711486816,39.345142364502,0.165354330092669
"19943332",-103.162483215332,35.8055458068848,0.303149605169892
"20520674",-105.875442504883,38.509822845459,0.114173227921128
"21404820",-107.753700256348,43.1267890930176,0.169291337952018
"20884402",-95.4253158569336,41.1633911132812,0.102362204343081
"21758374",-104.945823669434,45.366641998291,0.125984251499176
"20671441",-104.442024230957,39.3761329650879,0.133858267217875
"21659485",-102.245956420898,44.9825401306152,0.094488188624382
"19646464",-87.8386993408203,35.4535751342773,0.0905511807650328
"22273325",-107.999687194824,48.3385772705078,0.153543306514621
"21482416",-92.5522308349609,44.7635154724121,0.0984251964837313
"19704180",-105.140632629395,34.5418281555176,0.590551178902388
"20645137",-94.0737152099609,39.9980392456055,0.110236220061779
"20286398",-97.8131256103516,37.8613929748535,0.133858267217875
"20426870",-99.7453384399414,38.4361457824707,0.145669290795922
"20323039",-105.357803344727,37.542423248291,0.129921259358525
"20702247",-90.0520553588867,40.6387367248535,0.0905511807650328
"21035106",-90.6038665771484,42.3988647460938,0.122047243639827
"19641536",-97.9045104980469,34.6917610168457,0.618110233917832
"20609051",-104.934036254883,39.021728515625,0.0905511807650328
"20437006",-89.7978515625,39.2636184692383,0.0984251964837313
"22512476",-105.018852233887,50.144889831543,0.118110235780478
"20135478",-94.1223068237305,37.3772048950195,0.094488188624382
"22741312",-105.078132629395,51.7331924438477,0.110236220061779
"21768852",-107.535171508789,45.2480163574219,0.114173227921128
"22345955",-101.234657287598,49.3399848937988,0.0984251964837313
"20842681",-90.6987228393555,41.3373680114746,0.094488188624382
"20640235",-104.349700927734,39.2202529907227,0.145669290795922
"20858432",-96.6837310791016,40.9227180480957,0.10629921220243
"20525610",-97.3125076293945,39.1208724975586,0.114173227921128
"21721659",-92.7987442016602,46.1605834960938,0.0866141729056835
"19927711",-102.571876525879,35.7662506103516,0.342519683763385
"22070165",-95.0214233398438,48.1100845336914,0.0590551178902388
"20718332",-107.073585510254,39.4551582336426,0.118110235780478
"22038965",-95.2552261352539,47.8905830383301,0.078740157186985
"22866000",-99.3140640258789,53.1474990844727,0.078740157186985
"20598565",-102.271873474121,39.142635345459,0.188976377248764
"20863786",-102.050804138184,40.5491943359375,0.141732282936573
"20468465",-99.430549621582,38.6711921691895,0.145669290795922
"22694312",-96.6792831420898,52.1510620117188,0.078740157186985
"20406248",-105.405982971191,37.9577789306641,0.149606298655272
"20473618",-97.7994613647461,38.8164482116699,0.110236220061779
"21212336",-105.718894958496,42.1859130859375,0.133858267217875
"20177140",-96.2015914916992,37.4297370910645,0.114173227921128
"20307087",-93.7202911376953,38.2753372192383,0.102362204343081
"20832659",-104.508224487305,40.2164268493652,0.177165353670716
"21961281",-107.773422241211,46.3924255371094,0.137795275077224
"21674996",-98.8478469848633,45.3462829589844,0.114173227921128
"21331791",-100.352127075195,43.2393760681152,0.114173227921128
"20827447",-104.14599609375,40.2129783630371,0.177165353670716
"22652930",-106.308128356934,51.0113410949707,0.110236220061779
"21690603",-99.0349884033203,45.4233283996582,0.114173227921128
"20692136",-101.00553894043,39.717212677002,0.173228345811367
"20036678",-94.5254745483398,36.8539123535156,0.161417322233319
"20468307",-93.7514114379883,39.1007690429688,0.094488188624382
"21810105",-94.2360305786133,46.5639190673828,0.062992125749588
"20582742",-94.562629699707,39.6313209533691,0.0866141729056835
"20978280",-104.705963134766,40.9792366027832,0.169291337952018
"20515379",-102.980857849121,38.6669998168945,0.149606298655272
"21425204",-92.4059066772461,44.4440727233887,0.110236220061779
"21581615",-106.997909545898,44.1862716674805,0.078740157186985
"20567271",-99.2725448608398,39.1917419433594,0.137795275077224
"20426744",-95.3341445922852,38.7619781494141,0.0866141729056835
"20613771",-87.1301956176758,40.4252166748047,0.137795275077224
"21040233",-87.1085586547852,42.7482757568359,0.0236220471560955
"20790762",-94.3337936401367,40.7497177124023,0.102362204343081
"20145937",-96.2146377563477,37.2727088928223,0.114173227921128
"21290387",-107.081207275391,42.5289421081543,0.169291337952018
"22668322",-97.3936386108398,51.8964157104492,0.0826771650463343
"22408212",-94.4336013793945,50.3820571899414,0.133858267217875
"21591828",-100.487510681152,44.7228965759277,0.10629921220243
"19989807",-92.0546722412109,36.8097305297852,0.062992125749588
"21690648",-100.743499755859,45.2844657897949,0.141732282936573
"21347373",-99.6276397705078,43.3839874267578,0.118110235780478
"19916942",-89.7958908081055,36.6258087158203,0.118110235780478
"19860178",-104.723747253418,35.3103942871094,0.216535432264209
"22507295",-105.773078918457,50.0507125854492,0.133858267217875
"21852057",-107.389541625977,45.7555084228516,0.125984251499176
"20723031",-89.2119369506836,40.8234901428223,0.0984251964837313
"22455022",-94.4967575073242,50.6938819885254,0.062992125749588
"22314774",-102.185447692871,49.0545883178711,0.110236220061779
"22465468",-96.6035308837891,50.5606002807617,0.125984251499176
"20702536",-100.968330383301,39.774356842041,0.173228345811367
"21591836",-100.782539367676,44.6995658874512,0.141732282936573
"21836061",-92.0129852294922,46.9320526123047,0.0826771650463343
"20405700",-85.0692367553711,39.5128898620605,0.114173227921128
"21446228",-101.167709350586,43.8270111083984,0.165354330092669
"21378394",-92.2753829956055,44.1855888366699,0.118110235780478
"20697031",-89.3731994628906,40.6702537536621,0.10629921220243
"20094137",-102.908996582031,36.5580177307129,0.303149605169892
"19870561",-104.20435333252,35.3908386230469,0.15748031437397
"19542484",-89.1605072021484,34.8473052978516,0.15748031437397
"20728263",-90.5962600708008,40.7305717468262,0.0905511807650328
"22314838",-104.648101806641,48.856689453125,0.141732282936573
"20931368",-101.19979095459,40.9714851379395,0.153543306514621
"20738627",-88.931770324707,40.9318809509277,0.10629921220243
"20817051",-104.305419921875,40.1474876403809,0.173228345811367
"21487890",-103.168838500977,43.9152793884277,0.110236220061779
"20447588",-96.843505859375,38.754035949707,0.114173227921128
"20775296",-99.335578918457,40.2761421203613,0.137795275077224
"22980488",-102.365409851074,53.7247581481934,0.0866141729056835
"20364559",-102.811935424805,37.9114112854004,0.196850392967463
"21820717",-102.649383544922,45.9123458862305,0.118110235780478
"20535991",-96.5891571044922,39.2295379638672,0.102362204343081
"20551458",-91.3740539550781,39.7282638549805,0.125984251499176
"20390304",-93.9944229125977,38.6793746948242,0.0866141729056835
"20905572",-107.760147094727,40.3969955444336,0.110236220061779
"21586786",-106.026947021484,44.282096862793,0.149606298655272
"22761988",-99.6520614624023,52.3542175292969,0.102362204343081
"22522741",-99.4362106323242,50.6890716552734,0.102362204343081
"20561810",-89.254035949707,39.9633560180664,0.10629921220243
"20182409",-98.5560836791992,37.2863426208496,0.102362204343081
"20900114",-99.4630508422852,40.9318199157715,0.125984251499176
"20561813",-89.3868026733398,39.9519424438477,0.10629921220243
"21680238",-100.421752929688,45.2487297058105,0.129921259358525
"20920751",-93.2115707397461,41.544132232666,0.102362204343081
"22210716",-100.499702453613,48.5192680358887,0.094488188624382
"21737448",-100.50707244873,45.5820350646973,0.114173227921128
"20718131",-100.745170593262,39.8720207214355,0.161417322233319
"21373434",-101.698623657227,43.3720512390137,0.137795275077224
"21165533",-105.778106689453,41.9244422912598,0.145669290795922
"19563323",-90.6242218017578,34.8362426757812,0.255905510857701
"20177362",-103.439575195312,36.9354591369629,0.153543306514621
"20421313",-85.610221862793,39.5462074279785,0.196850392967463
"22309699",-106.912994384766,48.6521263122559,0.149606298655272
"20603425",-89.6709594726562,40.146800994873,0.118110235780478
"19797728",-103.414619445801,35.088321685791,0.275590550154448
"21929821",-98.3757019042969,46.9287719726562,0.118110235780478
"21539643",-93.3607864379883,45.0251235961914,0.0905511807650328
"20052522",-102.566680908203,36.3751907348633,0.220472440123558
"22824552",-106.160903930664,52.2456092834473,0.125984251499176
"21097782",-101.028907775879,41.8865127563477,0.141732282936573
"20926071",-97.8159027099609,41.1976776123047,0.110236220061779
"20827301",-99.3026428222656,40.5547218322754,0.110236220061779
"21129149",-106.399452209473,41.6847763061523,0.125984251499176
"20967588",-94.4552459716797,41.694450378418,0.110236220061779
"19797761",-104.379638671875,35.0311965942383,0.20866141654551
"20915489",-90.6046981811523,41.7413101196289,0.102362204343081
"19698985",-105.294273376465,34.508415222168,0.728346453979611
"20395507",-94.0851211547852,38.6989631652832,0.094488188624382
"21238344",-105.887771606445,42.3183898925781,0.153543306514621
"21435844",-101.782577514648,43.7206954956055,0.165354330092669
"20728377",-95.2168350219727,40.3457527160645,0.114173227921128
"22346114",-107.281768798828,48.86328125,0.122047243639827
"21290186",-100.357925415039,43.004566192627,0.114173227921128
"20946864",-97.4660110473633,41.3374977111816,0.102362204343081
"21045835",-103.017021179199,41.4595909118652,0.177165353670716
"20650544",-101.415596008301,39.4712715148926,0.224409447982907
"20260361",-96.6230545043945,37.817211151123,0.102362204343081
"20582507",-84.1313552856445,40.5317420959473,0.15748031437397
"20229038",-92.1786575317383,38.0004539489746,0.0905511807650328
"21201802",-101.298988342285,42.4398803710938,0.129921259358525
"21362998",-100.464065551758,43.4071617126465,0.118110235780478
"21337151",-105.776924133301,42.8762474060059,0.137795275077224
"20140495",-86.542854309082,38.0165176391602,0.125984251499176
"20650474",-99.060546875,39.6400566101074,0.141732282936573
"22065214",-105.001747131348,47.2339096069336,0.145669290795922
"21134172",-100.531425476074,42.1237602233887,0.149606298655272
"22054683",-100.118629455566,47.5576782226562,0.110236220061779
"21227859",-103.142936706543,42.4495468139648,0.169291337952018
"20421813",-104.30884552002,38.1046333312988,0.188976377248764
"22242064",-105.970405578613,48.2834930419922,0.161417322233319
"20650219",-89.1222763061523,40.4426727294922,0.10629921220243
"19766098",-88.6957931518555,35.9698333740234,0.118110235780478
"21129100",-104.84447479248,41.7872924804688,0.133858267217875
"20873824",-87.888053894043,41.7579345703125,0.137795275077224
"19714626",-106.412155151367,34.5205421447754,0.389763778075576
"20603460",-91.1759033203125,40.0183296203613,0.0905511807650328
"20837424",-88.1400375366211,41.5366554260254,0.118110235780478
"21680286",-102.186042785645,45.109920501709,0.110236220061779
"20177363",-103.469917297363,36.9335403442383,0.15748031437397
"22283555",-101.618812561035,48.897388458252,0.122047243639827
"20837828",-103.507347106934,40.3105545043945,0.153543306514621
"21300655",-102.724914550781,42.8858413696289,0.173228345811367
"21732231",-99.8894653320312,45.6010551452637,0.129921259358525
"21259014",-101.480461120605,42.7446594238281,0.145669290795922
"21206739",-90.9597244262695,43.3261756896973,0.0826771650463343
"19880916",-102.846099853516,35.5228080749512,0.303149605169892
"20556731",-94.2624435424805,39.5194702148438,0.102362204343081
"22621572",-100.049598693848,51.3185653686523,0.125984251499176
"21035456",-103.742050170898,41.3529281616211,0.15748031437397
"20302301",-107.217300415039,37.3292465209961,0.137795275077224
"21081817",-85.953857421875,43.0903205871582,0.094488188624382
"22434317",-99.0436553955078,50.122802734375,0.110236220061779
"21805070",-100.988334655762,45.9492416381836,0.110236220061779
"20900005",-95.4644165039062,41.2444343566895,0.118110235780478
"20478798",-97.0742492675781,38.8971672058105,0.102362204343081
"20546240",-90.6458587646484,39.7622756958008,0.110236220061779
"20655784",-102.69457244873,39.4106712341309,0.165354330092669
"21794516",-94.8303985595703,46.4144248962402,0.094488188624382
"20255104",-94.584587097168,37.9442863464355,0.0905511807650328
"21789340",-95.8983001708984,46.286750793457,0.0826771650463343
"21732279",-101.685340881348,45.4574012756348,0.125984251499176
"20094239",-105.928810119629,36.3756103515625,0.169291337952018
"19875325",-89.2933959960938,36.4600448608398,0.0748031493276358
"20182368",-97.1611099243164,37.3857116699219,0.110236220061779
"21014637",-103.194190979004,41.2782783508301,0.153543306514621
"20317404",-90.3594360351562,38.598934173584,0.102362204343081
"21753023",-99.470832824707,45.7601661682129,0.102362204343081
"21409849",-102.069969177246,43.5507621765137,0.133858267217875
